<?xml version="1.0" encoding="UTF-8"?>
<project-private xmlns="http://www.netbeans.org/ns/project-private/1">
    <editor-bookmarks xmlns="http://www.netbeans.org/ns/editor-bookmarks/2" lastBookmarkId="0"/>
    <open-files xmlns="http://www.netbeans.org/ns/projectui-open-files/2">
        <group>
            <file>file:/home/lopz/Documentos/proyecto/html/views/usuarios/create.php</file>
            <file>file:/home/lopz/Documentos/proyecto/html/views/semestres/_form.php</file>
            <file>file:/home/lopz/Documentos/proyecto/html/controllers/UsuariosController.php</file>
            <file>file:/home/lopz/Documentos/proyecto/html/models/Semestres.php</file>
            <file>file:/home/lopz/Documentos/proyecto/html/models/Tiposdeusuarios.php</file>
            <file>file:/home/lopz/Documentos/proyecto/html/views/usuarios/view.php</file>
            <file>file:/home/lopz/Documentos/proyecto/html/views/usuarios/index.php</file>
            <file>file:/home/lopz/Documentos/proyecto/html/views/usuarios/update.php</file>
            <file>file:/home/lopz/Documentos/proyecto/html/models/Carreras.php</file>
            <file>file:/home/lopz/Documentos/proyecto/html/views/carreras/_form.php</file>
            <file>file:/home/lopz/Documentos/proyecto/html/views/carreras/create.php</file>
            <file>file:/home/lopz/Documentos/proyecto/html/views/usuarios/_form.php</file>
        </group>
    </open-files>
</project-private>
